Datetime,Close,High,Low,Open,Volume,EMA20,Prob_Pos_distilbert,Prob_Neu_distilbert,Prob_Neg_distilbert,Prob_Pos_roberta,Prob_Neu_roberta,Prob_Neg_roberta,Prob_Pos_finbert,Prob_Neu_finbert,Prob_Neg_finbert,Sentiment_Avg,Sentiment_Disagreement,Return,Label,SMA_50,RSI_14,MACD,VWAP,Return_1min,Volume_Change,Price_Diff
2025-06-12 17:35:00,325.3500061035156,325.55999755859375,325.2402038574219,325.4316101074219,103271.0,325.0896408795083,0.0,0.0,0.0,0.0,0.0,0.0,0.0,0.0,0.0,0.0,0.0,0.0002766139117944,1,324.6881640625,58.62364579606232,0.02941541144500817,325.0421094291299,-0.00013824094308456658,0.930768224054443,-0.08160400390625
2025-06-12 17:36:00,325.44000244140625,325.6600036621094,325.30010986328125,325.3500061035156,96194.0,325.1230086473081,0.0,0.0,0.0,0.0,0.0,0.0,0.0,0.0,0.0,0.0,0.0,0.0004608956961624,1,324.68385620117186,60.56841796690065,0.032167557559142884,325.08709275695355,0.0002766139117944544,-0.0685284348945977,0.089996337890625
2025-06-12 17:37:00,325.5899963378906,325.70001220703125,325.239990234375,325.42498779296875,82014.0,325.1674836654588,0.0,0.0,0.0,0.0,0.0,0.0,0.0,0.0,0.0,0.0,0.0,-6.139320586229235e-05,0,324.6974560546875,63.6361655012954,0.04072853342090191,325.129949068609,0.0004608956961624777,-0.14741044139967152,0.165008544921875
2025-06-12 17:38:00,325.57000732421875,325.75,325.44000244140625,325.6499938964844,78748.0,325.20581925200736,0.0,0.0,0.0,0.0,0.0,0.0,0.0,0.0,0.0,0.0,0.0,-3.074535552971547e-05,0,324.72480041503906,62.93348219241782,0.0415408499503756,325.2053395690812,-6.139320586229235e-05,-0.03982246933450384,-0.079986572265625
2025-06-12 17:39:00,325.55999755859375,325.7699890136719,325.48089599609375,325.6300048828125,102294.0,325.2395505193013,0.0,0.0,0.0,0.0,0.0,0.0,0.0,0.0,0.0,0.0,0.0,-0.000432791679751,0,324.75000061035155,62.56093943584848,0.03799604624919886,325.27624408498747,-3.074535552971547e-05,0.29900441915985176,-0.07000732421875
2025-06-12 17:40:00,325.4190979003906,325.59991455078125,325.2799987792969,325.55499267578125,398342.0,325.2566502698812,0.0,0.0,0.0,0.0,0.0,0.0,0.0,0.0,0.0,0.0,0.0,-0.0006919975208501,0,324.78758239746094,57.40927966774463,0.023466420629535634,325.3416788637316,-0.0004327916797510767,2.894089584921892,-0.135894775390625
2025-06-12 17:41:00,325.19390869140625,325.4200134277344,324.9750061035156,325.3949890136719,105456.0,325.25067488145504,0.0,0.0,0.0,0.0,0.0,0.0,0.0,0.0,0.0,0.0,0.0,-0.0025028261195572,0,324.812060546875,50.282647167825765,-0.0026192585076700026,325.3521392499734,-0.0006919975208501405,-0.7352626637412073,-0.201080322265625
2025-06-12 17:42:00,324.3800048828125,325.19989013671875,324.1499938964844,325.17498779296875,188965.0,325.1677539292034,0.0,0.0,0.0,0.0,0.0,0.0,0.0,0.0,0.0,0.0,0.0,-0.0003853505090276,0,324.8193603515625,33.901829139236554,-0.072145014289315,325.28253748262665,-0.002502826119557211,0.7918847671066607,-0.79498291015625
2025-06-12 17:43:00,324.2550048828125,324.57000732421875,324.1400146484375,324.330810546875,114630.0,325.08082544859474,0.0,0.0,0.0,0.0,0.0,0.0,0.0,0.0,0.0,0.0,0.0,-0.0011564971838615,0,324.82396057128904,32.16854226136901,-0.12112484879301884,325.22470343379103,-0.0003853505090276599,-0.3933797264043606,-0.0758056640625
2025-06-12 17:44:00,323.8800048828125,324.29998779296875,323.760009765625,324.2275085449219,232329.0,324.9664615851869,0.0,0.0,0.0,0.0,0.0,0.0,0.0,0.0,0.0,0.0,0.0,-0.0014511584957928,0,324.82600646972656,27.60825487843266,-0.1703376419433218,325.05979371690887,-0.0011564971838615712,1.0267730960481551,-0.347503662109375
2025-06-12 17:46:00,323.4100036621094,324.026611328125,323.2200012207031,323.9100036621094,432216.0,324.81822749727473,0.0,0.0,0.0,0.0,0.0,0.0,0.0,0.0,0.0,0.0,0.0,-0.0017915547809912,0,324.8174066162109,23.17405499709764,-0.22279115514629827,324.7406543863196,-0.0014511584957928036,0.8603618144958227,-0.5
2025-06-12 17:47:00,322.8305969238281,323.41070556640625,322.3301086425781,323.3399963378906,483877.0,324.6289293474227,0.0,0.0,0.0,0.0,0.0,0.0,0.0,0.0,0.0,0.0,0.0,-0.0019843053555825,0,324.79345458984375,19.10114393656457,-0.28100040748963817,324.36478008845205,-0.0017915547809912447,0.11952588520554541,-0.5093994140625
2025-06-12 17:48:00,322.19000244140625,322.8345947265625,321.8500061035156,322.79998779296875,419758.0,324.3966505944687,0.0,0.0,0.0,0.0,0.0,0.0,0.0,0.0,0.0,0.0,0.0,0.0018312062243392,1,324.75665466308595,15.795723224587249,-0.34303022254104787,324.0486044107663,-0.001984305355582583,-0.13251094803018126,-0.6099853515625
2025-06-12 17:49:00,322.7799987792969,322.7900085449219,322.04998779296875,322.1600036621094,245619.0,324.2426837549285,0.0,0.0,0.0,0.0,0.0,0.0,0.0,0.0,0.0,0.0,0.0,0.0008364490200536,1,324.7226708984375,28.131263662234076,-0.324887720344056,323.9068206547277,0.001831206224339299,-0.41485570257148163,0.6199951171875
2025-06-12 17:50:00,323.04998779296875,323.2799987792969,322.71051025390625,322.760009765625,260658.0,324.1290936633133,0.0,0.0,0.0,0.0,0.0,0.0,0.0,0.0,0.0,0.0,0.0,0.0,0,324.7008544921875,32.97044427721431,-0.2771274578393254,323.78792906378743,0.0008364490200536423,0.06122897658568749,0.28997802734375
2025-06-12 17:51:00,323.04998779296875,323.25,322.8800964355469,323.0199890136719,136936.0,324.02632167566145,0.0010071396827697,0.0,0.9989928603172302,0.0660079419612884,0.338145911693573,0.5958461761474609,0.0004322046006564,0.0017121074488386,0.9978557229042052,0.0224824287482381,0.0376952962971737,-0.0012997720888042,0,324.6832543945313,32.97044427721431,-0.2299054674211431,323.70835056700173,0.0,-0.4746526099333226,0.029998779296875
2025-06-12 17:52:00,322.6300964355469,323.1300048828125,322.61090087890625,323.0252990722656,133056.0,323.89334784326957,0.0,0.0,0.0,0.0,0.0,0.0,0.0,0.0,0.0,0.0,0.0,0.0010070050510109,1,324.650078125,29.399874609466153,-0.21176879470959514,323.62736723640387,-0.001299772088804274,-0.028334404393293267,-0.39520263671875
2025-06-12 17:53:00,322.9549865722656,322.9800109863281,322.630615234375,322.69000244140625,132350.0,323.80398010317396,0.0,0.0,0.0,0.0,0.0,0.0,0.0,0.0,0.0,0.0,0.0,-0.0012257869978697,0,324.61777770996093,35.243475153963615,-0.16480011108305626,323.5516288641707,0.001007005051010923,-0.005306036556036564,0.264984130859375
2025-06-12 17:54:00,322.5591125488281,322.9761962890625,322.3699951171875,322.9549865722656,159320.0,323.68542128847434,0.0,0.0,0.0,0.0,0.0,0.0,0.0,0.0,0.0,0.0,0.0,-0.0003862959272791,0,324.5871600341797,31.790613920938227,-0.14784412966753502,323.4482668548665,-0.0012257869978697933,0.20377786173026058,-0.3958740234375
2025-06-12 17:55:00,322.43450927734375,322.5414123535156,322.2601013183594,322.5150146484375,139195.0,323.5662868112238,0.0,0.0,0.0,0.0,0.0,0.0,0.0,0.0,0.0,0.0,0.0,4.770227420602957e-05,1,324.55585021972655,30.768808501197014,-0.132939556790463,323.1546930460395,-0.0003862959272791233,-0.12631810193321613,-0.08050537109375
2025-06-12 17:56:00,322.44989013671875,322.5,322.04998779296875,322.44500732421875,163464.0,323.45996331841377,0.0,0.0,0.0,0.0,0.0,0.0,0.0,0.0,0.0,0.0,0.0,3.785714191018031e-07,1,324.52644775390627,31.063355949244993,-0.1108656330379304,323.0468800058789,4.770227420602957e-05,0.17435252703042492,0.0048828125
2025-06-12 17:57:00,322.45001220703125,322.6299133300781,322.3500061035156,322.4200134277344,151193.0,323.3637774982821,0.0,0.0,0.0,0.0,0.0,0.0,0.0,0.0,0.0,0.0,0.0,0.0006201943925643,1,324.49322814941405,31.065862646824783,-0.08617634567573185,322.9297718698241,3.7857141910180303e-07,-0.07506851661527925,0.029998779296875
2025-06-12 17:58:00,322.6499938964844,322.9320983886719,322.5,322.5,180655.0,323.2957981076347,0.0,0.0,0.0,0.0,0.0,0.0,0.0,0.0,0.0,0.0,0.0,0.0007439044056827,1,324.4624279785156,35.221589113435456,-0.04819106500310122,322.8679666568177,0.0006201943925643327,0.19486351881370179,0.149993896484375
2025-06-12 17:59:00,322.8900146484375,323.1600036621094,322.5400085449219,322.6499938964844,196608.0,323.25715206390163,0.0,0.0,0.0,0.0,0.0,0.0,0.0,0.0,0.0,0.0,0.0,0.0,0,324.42702819824217,39.904319052031475,-0.001198327874913141,322.78781995324476,0.0007439044056827271,0.08830644045279668,0.240020751953125
2025-06-12 18:00:00,322.8900146484375,322.989990234375,322.6400146484375,322.8500061035156,99696.0,323.2221865957622,0.0,0.0,0.0,0.0,0.0,0.0,0.0,0.0,0.0,0.0,0.0,8.298315952237623e-05,1,324.38531677246095,39.904319052031475,0.03366183909835485,322.6757821530126,0.0,-0.492919921875,0.040008544921875
2025-06-12 18:01:00,322.91680908203125,323.05999755859375,322.69000244140625,322.94000244140625,120470.0,323.1931030230259,0.0,0.0,0.0,0.0,0.0,0.0,0.0,0.0,0.0,0.0,0.0,-0.000857169480835,0,324.33585266113283,40.46154526276983,0.060723354603917645,322.6513334286361,8.298315952237623e-05,0.20837345530412454,-0.023193359375
2025-06-12 18:02:00,322.6400146484375,322.95928955078125,322.60321044921875,322.95001220703125,84156.0,323.14042793973175,0.0,0.0,0.0,0.0,0.0,0.0,0.0,0.0,0.0,0.0,0.0,-0.0006276798885537,0,324.28325317382814,36.678059680623,0.06196548402150093,322.72304149641843,-0.0008571694808350294,-0.30143604216817466,-0.30999755859375
2025-06-12 18:03:00,322.4375,322.6300048828125,322.25,322.6000061035156,157627.0,323.07348242166205,0.0,0.0,0.0,0.0,0.0,0.0,0.0,0.0,0.0,0.0,0.0,0.0009071866216805,1,324.2272332763672,34.1611594820059,0.05155853845228797,322.72314208706496,-0.0006276798885537227,0.8730334141356528,-0.162506103515625
2025-06-12 18:04:00,322.7300109863281,322.85101318359375,322.3900146484375,322.42498779296875,100786.0,323.04077085639216,0.0,0.0,0.0,0.0,0.0,0.0,0.0,0.0,0.0,0.0,0.0,-0.0002324302186895,0,324.18183166503906,40.511051737668694,0.06586959484710986,322.68103100343075,0.0009071866216805446,-0.36060446497110266,0.305023193359375
2025-06-12 18:05:00,322.6549987792969,322.79998779296875,322.54998779296875,322.7250061035156,68849.0,323.0040306585736,0.0,0.0,0.0,0.0,0.0,0.0,0.0,0.0,0.0,0.0,0.0,0.000247901233727,1,324.1288916015625,39.46001976991677,0.071318605051859,322.6530706058781,-0.00023243021868957214,-0.3168793284781617,-0.07000732421875
2025-06-12 18:06:00,322.7349853515625,322.8999938964844,322.5299987792969,322.65460205078125,109062.0,322.9784072960011,0.0,0.0,0.0,0.0,0.0,0.0,0.0,0.0,0.0,0.0,0.0,0.0003873146875099,1,324.0796173095703,41.21149754296126,0.08065652073421603,322.6472838060827,0.00024790123372708806,0.5840752952112593,0.08038330078125
2025-06-12 18:07:00,322.8599853515625,323.0199890136719,322.6600036621094,322.7349853515625,121741.0,322.96712901557834,0.0,0.0,0.0,0.0,0.0,0.0,0.0,0.0,0.0,0.0,0.0,-0.0001220287280768,0,324.032216796875,43.941010923808214,0.09463123733160617,322.64553183235,0.00038731468750996534,0.11625497423483888,0.125
2025-06-12 18:08:00,322.8205871582031,322.8901062011719,322.67999267578125,322.8901062011719,70137.0,322.95317264820926,0.0,0.0,0.0,0.0,0.0,0.0,0.0,0.0,0.0,0.0,0.0,-0.00027282563124,0,323.98406860351565,43.25926439067802,0.10007244080870353,322.652493558746,-0.00012202872807687282,-0.42388349036068373,-0.06951904296875
2025-06-12 18:09:00,322.7325134277344,322.8599853515625,322.660888671875,322.8399963378906,59079.0,322.9321574843545,0.0,0.0,0.0,0.0,0.0,0.0,0.0,0.0,0.0,0.0,0.0,0.0004194680453006,1,323.93171875,41.701646716388524,0.09654532230772572,322.6758384897169,-0.0002728256312400923,-0.15766285983147266,-0.10748291015625
2025-06-12 18:10:00,322.8678894042969,322.989990234375,322.6099853515625,322.70001220703125,87966.0,322.9260367148252,0.0,0.0,0.0,0.0,0.0,0.0,0.0,0.0,0.0,0.0,0.0,-8.639157786083373e-05,0,323.88890625,44.98090107098386,0.10162192268106163,322.718689715853,0.00041946804530068604,0.48895546640938403,0.167877197265625
2025-06-12 18:11:00,322.8399963378906,323.04998779296875,322.8399963378906,322.989990234375,151471.0,322.9178423932124,0.0,0.0,0.0,0.0,0.0,0.0,0.0,0.0,0.0,0.0,0.0,0.0010841472787941,1,323.84990844726565,44.42640392046878,0.10117397776900794,322.7594610194813,-8.639157786083373e-05,0.7219266534797535,-0.149993896484375
2025-06-12 18:12:00,323.19000244140625,323.3800048828125,322.885009765625,322.89849853515625,187666.0,322.9437623978023,0.0,0.0,0.0,0.0,0.0,0.0,0.0,0.0,0.0,0.0,0.0,-0.0010365155250705,0,323.81671447753905,52.362143693165706,0.12117288313511365,322.81234549721233,0.0010841472787941342,0.2389566319625538,0.29150390625
2025-06-12 18:13:00,322.8550109863281,323.3063049316406,322.760009765625,323.1600036621094,146085.0,322.9353098824238,0.0,0.0,0.0,0.0,0.0,0.0,0.0,0.0,0.0,0.0,0.0,-0.0010685949078167,0,323.7790148925781,45.644052309051304,0.10894798104664905,322.8210086897526,-0.0010365155250705582,-0.22156917076081972,-0.30499267578125
2025-06-12 18:14:00,322.510009765625,323.0,322.3999938964844,322.8100891113281,125730.0,322.89480510939535,0.0,0.0,0.0,0.0,0.0,0.0,0.0,0.0,0.0,0.0,0.0,0.0006045604810291,1,323.7341149902344,39.95808061273395,0.07627955594844749,322.8052488319351,-0.0010685949078167445,-0.13933668754492246,-0.300079345703125
2025-06-12 18:15:00,322.7049865722656,322.8453063964844,322.3999938964844,322.3999938964844,115223.0,322.8767271534782,0.0,0.0,0.0,0.0,0.0,0.0,0.0,0.0,0.0,0.0,0.0,-0.0015648173602712,0,323.69293884277346,44.18947596141477,0.06679633919045624,322.7876154799806,0.0006045604810291927,-0.08356796309552217,0.30499267578125
2025-06-12 18:16:00,322.20001220703125,322.88970947265625,322.1400146484375,322.7049865722656,153117.0,322.8122781109595,0.0,0.0,0.0,0.0,0.0,0.0,0.0,0.0,0.0,0.0,0.0,-0.0018079438522047,0,323.64293884277345,36.930361306705294,0.02752079679668995,322.75537980612717,-0.0015648173602712534,0.32887531135276804,-0.504974365234375
2025-06-12 18:17:00,321.61749267578125,322.2687072753906,321.3299865722656,322.2049865722656,399680.0,322.6984890218949,0.0,0.0,0.0,0.0,0.0,0.0,0.0,0.0,0.0,0.0,0.0,0.0005364007650994,1,323.57868896484376,30.67113690419849,-0.0333805860985677,322.5674155071613,-0.0018079438522047298,1.6102914764526473,-0.587493896484375
2025-06-12 18:18:00,321.7900085449219,321.9256896972656,321.3999938964844,321.6099853515625,216898.0,322.611967071707,0.0,0.0,0.0,0.0,0.0,0.0,0.0,0.0,0.0,0.0,0.0,0.0006525729497559,1,323.51414489746094,34.226555922463234,-0.056383399271392076,322.47001602650306,0.0005364007650994207,-0.4573208566853483,0.180023193359375
2025-06-12 18:19:00,322.0,322.07000732421875,321.7207946777344,321.7344055175781,132282.0,322.55368449344917,0.0,0.0,0.0,0.0,0.0,0.0,0.0,0.0,0.0,0.0,0.0,-0.0013043895271254,0,323.45054504394534,38.36968403662539,-0.0519061641657535,322.4290493675146,0.0006525729497559585,-0.3901188577119199,0.265594482421875
2025-06-12 18:20:00,321.5799865722656,322.01141357421875,321.53009033203125,321.9800109863281,144614.0,322.4609513580983,0.0,0.0,0.0,0.0,0.0,0.0,0.0,0.0,0.0,0.0,0.0,-0.002021251084101,0,323.380302734375,33.78557137149956,-0.07052680640585707,322.36450035818297,-0.0013043895271254158,0.09322507975385919,-0.4000244140625
2025-06-12 18:21:00,320.92999267578125,321.6687927246094,320.7900085449219,321.5799865722656,376998.0,322.31514576930624,0.0,0.0,0.0,0.0,0.0,0.0,0.0,0.0,0.0,0.0,0.0,-0.0007477962167825,0,323.292900390625,28.175488232557115,-0.11716469723202622,322.14301062288433,-0.0020212510841010056,1.6069260237598018,-0.649993896484375
2025-06-12 18:22:00,320.69000244140625,320.9800109863281,320.489990234375,320.9591979980469,290565.0,322.16037021426814,0.0,0.0,0.0,0.0,0.0,0.0,0.0,0.0,0.0,0.0,0.0,-0.0015279248827363,0,323.1988006591797,26.43042506650636,-0.15248590346761726,321.96547995290643,-0.0007477962167825591,-0.22926646825712604,-0.269195556640625
2025-06-12 18:23:00,320.20001220703125,320.8599853515625,320.1700134277344,320.67999267578125,260410.0,321.97366945167414,0.0,0.0,0.0,0.0,0.0,0.0,0.0,0.0,0.0,0.0,0.0,-0.0008589144396555,0,323.0985009765625,23.262501764084305,-0.19446930478175917,321.8035851128912,-0.0015279248827363423,-0.10378056545007142,-0.47998046875
2025-06-12 18:24:00,319.92498779296875,320.3699951171875,319.4800109863281,320.20001220703125,640859.0,321.7785569127498,0.0,0.0,0.0,0.0,0.0,0.0,0.0,0.0,0.0,0.0,0.0,-0.0005782529206923,0,322.9936004638672,21.69098745116156,-0.22426575029607854,321.4164798866203,-0.0008589144396555781,1.4609615606159516,-0.2750244140625
2025-06-12 18:25:00,319.739990234375,320.1199951171875,319.239990234375,319.89801025390625,367932.0,321.58440770528557,0.0,0.0,0.0,0.0,0.0,0.0,0.0,0.0,0.0,0.0,0.0,0.0009851831207454,1,322.88050048828126,20.679009418788667,-0.23860521849938576,321.1754004467244,-0.000578252920692357,-0.4258768309409714,-0.15802001953125
2025-06-12 18:26:00,320.05499267578125,320.2200012207031,319.489990234375,319.74951171875,311536.0,321.4387491310471,0.0,0.0,0.0,0.0,0.0,0.0,0.0,0.0,0.0,0.0,0.0,-0.001718416539516,0,322.77460021972655,26.93019399606824,-0.2100521926908515,320.9685893158382,0.0009851831207454698,-0.1532783231684115,0.30548095703125
2025-06-12 18:27:00,319.5050048828125,320.097412109375,319.1000061035156,320.05499267578125,305717.0,321.2545830121676,0.0,0.0,0.0,0.0,0.0,0.0,0.0,0.0,0.0,0.0,0.0,0.0004694571108185,1,322.65590026855466,23.45462091199407,-0.21083468394249294,320.78083432683445,-0.0017184165395160989,-0.018678419187509676,-0.54998779296875
2025-06-12 18:28:00,319.6549987792969,319.8598937988281,319.4599914550781,319.57000732421875,195516.0,321.1022416566561,0.0,0.0,0.0,0.0,0.0,0.0,0.0,0.0,0.0,0.0,0.0,1.5657139202041037e-05,1,322.5372003173828,26.25008357455819,-0.18481135845140584,320.66506643009717,0.000469457110818583,-0.3604673603365204,0.084991455078125
2025-06-12 18:29:00,319.6600036621094,319.8598937988281,319.42999267578125,319.6199951171875,192776.0,320.96488565717544,0.0,0.0,0.0,0.0,0.0,0.0,0.0,0.0,0.0,0.0,0.0,0.0013986188901,1,322.41900024414065,26.34674021585961,-0.1521824897270737,320.55866904627067,1.5657139202041037e-05,-0.014014198326479654,0.040008544921875
2025-06-12 18:30:00,320.1070861816406,320.3699951171875,319.5801086425781,319.69500732421875,299353.0,320.8831904690293,0.0,0.0,0.0,0.0,0.0,0.0,0.0,0.0,0.0,0.0,0.0,-0.0006881318421713,0,322.30994201660155,34.59326717897967,-0.08856463701109107,320.451057258188,0.0013986188901000673,0.5528540897207121,0.412078857421875
2025-06-12 18:31:00,319.8868103027344,320.1700134277344,319.7699890136719,320.1065979003906,183036.0,320.7882971198583,0.0,0.0,0.0,0.0,0.0,0.0,0.0,0.0,0.0,0.0,0.0,-5.628669427437671e-06,0,322.1992962646484,32.6534022763591,-0.05124583964326501,320.295950958254,-0.0006881318421713134,-0.38856133060300047,-0.21978759765625
2025-06-12 18:32:00,319.885009765625,320.0491943359375,319.44000244140625,319.8500061035156,202028.0,320.7022697527885,0.0,0.0,0.0,0.0,0.0,0.0,0.0,0.0,0.0,0.0,0.0,0.0004357950282731,1,322.09311828613284,32.637291597772375,-0.018307708144885804,320.19153435731414,-5.628669427437671e-06,0.10376100876330341,0.035003662109375
2025-06-12 18:33:00,320.0244140625,320.3999938964844,319.8599853515625,319.885009765625,208179.0,320.63771206799913,0.0261959433555603,0.0,0.9738040566444396,0.2270411700010299,0.6437973380088806,0.1291615068912506,0.5686134099960327,0.0158828254789114,0.4155037999153137,0.2739501744508743,0.2742344217143859,0.0002049289757555,1,322.0060064697266,35.29896867860734,0.01921112516798984,320.12867711210623,0.0004357950282731782,0.03044627477379369,0.139404296875
2025-06-12 18:34:00,320.0899963378906,320.1982116699219,319.80010986328125,320.0899963378906,142448.0,320.5855486651317,0.0,0.0,0.0,0.0,0.0,0.0,0.0,0.0,0.0,0.0,0.0,0.001077825688557,1,321.92270629882813,36.568764802176176,0.05287931940637647,320.0677301811462,0.00020492897575552504,-0.3157427021937852,0.0
2025-06-12 18:35:00,320.43499755859375,320.54998779296875,320.1000061035156,320.1199951171875,261738.0,320.571210464509,0.0,0.0,0.0,0.0,0.0,0.0,0.0,0.0,0.0,0.0,0.0,4.685708038110192e-05,1,321.85380615234374,42.91562429544917,0.10008040694706655,319.983996196811,0.001077825688557077,0.8374283949230596,0.31500244140625
2025-06-12 18:36:00,320.45001220703125,320.6300048828125,320.4200134277344,320.5799865722656,447319.0,320.55966777332065,0.0,0.0,0.0,0.0,0.0,0.0,0.0,0.0,0.0,0.0,0.0,-0.0003120801988018,0,321.7946063232422,43.1820770953054,0.13200221520417743,319.98821769512523,4.685708038110192e-05,0.7090334609418578,-0.129974365234375
2025-06-12 18:37:00,320.3500061035156,320.510009765625,320.1400146484375,320.4700012207031,140045.0,320.539699995244,0.0,0.0,0.0,0.0,0.0,0.0,0.0,0.0,0.0,0.0,0.0,0.0002809312819602,1,321.74499450683595,41.78313394730372,0.14503265784801123,319.97244126227315,-0.0003120801988018007,-0.6869236495655227,-0.1199951171875
2025-06-12 18:38:00,320.44000244140625,320.44000244140625,320.0400085449219,320.3349914550781,128127.0,320.5302049901166,0.0,0.0,0.0,0.0,0.0,0.0,0.0,0.0,0.0,0.0,0.0,-0.0002234247838465,0,321.7099945068359,43.55529330449259,0.15733423434277682,319.9940696564558,0.00028093128196027273,-0.08510121746581456,0.105010986328125
2025-06-12 18:39:00,320.368408203125,320.45989990234375,320.1400146484375,320.4598083496094,109622.0,320.5147957723079,0.0,0.0,0.0,0.0,0.0,0.0,0.0,0.0,0.0,0.0,0.0,0.0007229111687061,1,321.6617626953125,42.44828217347854,0.1578631730767427,320.0401884904458,-0.00022342478384651532,-0.14442701382222323,-0.091400146484375
2025-06-12 18:40:00,320.6000061035156,320.7699890136719,320.3200988769531,320.3599853515625,208755.0,320.5229110419467,0.0,0.0,0.0,0.0,0.0,0.0,0.0,0.0,0.0,0.0,0.0,-0.0026200758636898,0,321.6127630615234,47.1295677399085,0.16997473456776335,320.08850504615947,0.0007229111687061529,0.9043166517669812,0.240020751953125
2025-06-12 18:41:00,319.760009765625,320.6337890625,319.6112060546875,320.5600891113281,258694.0,320.4502537775351,0.0,0.0,0.0,0.0,0.0,0.0,0.0,0.0,0.0,0.0,0.0,-0.0007193238031757,0,321.5469635009766,35.76619918734397,0.11993710389339507,320.134455521633,-0.0026200758636898414,0.23922301262245216,-0.800079345703125
2025-06-12 18:42:00,319.5299987792969,319.8399963378906,319.31329345703125,319.75,250838.0,320.3626104443696,0.0,0.0,0.0,0.0,0.0,0.0,0.0,0.0,0.0,0.0,0.0,-0.0018621138014465,0,321.4849615478516,33.39202660788773,0.07222309806207056,320.1177315036546,-0.0007193238031757421,-0.030367925038848997,-0.220001220703125
2025-06-12 18:43:00,318.93499755859375,319.54998779296875,318.8900146484375,319.4949951171875,403487.0,320.2266473123909,0.0,0.0,0.0,0.0,0.0,0.0,0.0,0.0,0.0,0.0,0.0,-0.0003919293930012,0,321.4045617675781,28.180731008978825,0.005009307171851385,320.0220436303856,-0.0018621138014465188,0.6085561198861416,-0.55999755859375
2025-06-12 18:44:00,318.80999755859375,319.1400146484375,318.7699890136719,318.9798889160156,305499.0,320.09172828821977,0.0,0.0,0.0,0.0,0.0,0.0,0.0,0.0,0.0,0.0,0.0,0.0009566596973646,1,321.32957946777344,27.219645060132848,-0.04092015056331377,319.9174671372557,-0.00039192939300125573,-0.2428529295863312,-0.169891357421875
2025-06-12 18:45:00,319.114990234375,319.3934020996094,318.7699890136719,318.7869873046875,247169.0,319.998705616425,0.0,0.0,0.0,0.0,0.0,0.0,0.0,0.0,0.0,0.0,0.0,-0.001159441356596,0,321.26318908691405,33.205355407604145,-0.04356690922610729,319.85458936348874,0.0009566596973646924,-0.19093352187732204,0.3280029296875
2025-06-12 18:46:00,318.7449951171875,319.0899963378906,318.70001220703125,319.0899963378906,222962.0,319.8793046164976,0.0,0.0,0.0,0.0,0.0,0.0,0.0,0.0,0.0,0.0,0.0,0.0013804214909931,1,321.18909118652346,29.98370715407492,-0.061923009426839704,319.79091868147185,-0.0011594413565960693,-0.09793703902997541,-0.345001220703125
2025-06-12 18:47:00,319.18499755859375,319.2099914550781,318.67999267578125,318.7449951171875,236446.0,319.8131801347925,0.0,0.0,0.0,0.0,0.0,0.0,0.0,0.0,0.0,0.0,0.0,-0.0001879711109628,0,321.1237908935547,37.72205169057369,-0.037329876506786985,319.7182602602958,0.0013804214909931556,0.060476673155066774,0.44000244140625
2025-06-12 18:48:00,319.125,319.2499084472656,319.0299987792969,319.2095947265625,119717.0,319.74763916957414,0.0,0.0,0.0,0.0,0.0,0.0,0.0,0.0,0.0,0.0,0.0,-0.0005210819685174,0,321.053291015625,37.11960930203123,-0.01892995856662627,319.684085884142,-0.0001879711109628035,-0.4936814325469663,-0.0845947265625
2025-06-12 18:49:00,318.9587097167969,319.29998779296875,318.7401123046875,319.1400146484375,183616.0,319.6725030312144,0.0,0.0,0.0,0.0,0.0,0.0,0.0,0.0,0.0,0.0,0.0,0.0017441283611114,1,320.9746649169922,35.43065694602839,-0.01211659005694743,319.591197362453,-0.0005210819685174117,0.5337504280929191,-0.181304931640625
2025-06-12 18:50:00,319.5150146484375,319.5899963378906,318.7804870605469,318.9200134277344,184273.0,319.65750413761657,0.0,0.0,0.0,0.0,0.0,0.0,0.0,0.0,0.0,0.0,0.0,-0.0005477623977685,0,320.9071649169922,44.524472891144306,0.03321934035954022,319.43746565560525,0.0017441283611114855,0.0035781195538515664,0.595001220703125
2025-06-12 18:51:00,319.3399963378906,319.5299987792969,319.0909118652344,319.5,151810.0,319.62726529954745,0.0,0.0,0.0,0.0,0.0,0.0,0.0,0.0,0.0,0.0,0.0,-0.0008768046048344,0,320.8356286621094,42.496651213596856,0.053576827478391764,319.3898904099215,-0.0005477623977685475,-0.17616796817764946,-0.160003662109375
2025-06-12 18:52:00,319.05999755859375,319.3900146484375,319.0400085449219,319.3299865722656,119035.0,319.573239800409,0.0,0.0,0.0,0.0,0.0,0.0,0.0,0.0,0.0,0.0,0.0,0.0006895293123128,1,320.7640283203125,39.404675565270004,0.05038941644781736,319.3417773293589,-0.0008768046048344136,-0.21589486858573215,-0.269989013671875
2025-06-12 18:53:00,319.2799987792969,319.389892578125,318.91070556640625,319.1000061035156,175499.0,319.5453120841126,0.0,0.0,0.0,0.0,0.0,0.0,0.0,0.0,0.0,0.0,0.0,-0.0005950965990124,0,320.70087829589846,42.91888347422727,0.06440559298687543,319.29824264730956,0.0006895293123128088,0.4743478808753727,0.17999267578125
2025-06-12 18:54:00,319.0899963378906,319.3599853515625,318.8999938964844,319.34051513671875,153665.0,319.5019486797105,0.0,0.0,0.0,0.0,0.0,0.0,0.0,0.0,0.0,0.0,0.0,0.0005650376183263,1,320.62807800292967,40.72233984040495,0.062157624544035894,319.20131872488173,-0.0005950965990124679,-0.12441096530464557,-0.250518798828125
2025-06-12 18:55:00,319.2702941894531,319.3999938964844,318.94000244140625,319.0877990722656,218267.0,319.479886347305,0.0,0.0,0.0,0.0,0.0,0.0,0.0,0.0,0.0,0.0,0.0,0.0001243566027382,1,320.5603839111328,43.66851570813592,0.07332347714448761,319.13181498938616,0.0005650376183263806,0.4204080304558617,0.1824951171875
2025-06-12 18:56:00,319.30999755859375,319.5299072265625,319.0700988769531,319.3299865722656,179799.0,319.46370646266587,0.0,0.0,0.0,0.0,0.0,0.0,0.0,0.0,0.0,0.0,0.0,0.0004071431643435,1,320.49188415527345,44.3247385954503,0.08317199001191106,319.10532945699117,0.00012435660273824034,-0.17624285851732058,-0.019989013671875
2025-06-12 18:57:00,319.44000244140625,319.5400085449219,319.2099914550781,319.364990234375,164939.0,319.46144893683163,0.0,0.0,0.0,0.0,0.0,0.0,0.0,0.0,0.0,0.0,0.0,-0.0005477954909571,0,320.4234844970703,46.5215655548215,0.0972518103899278,319.12039546297433,0.0004071431643435375,-0.0826478456498646,0.07501220703125
2025-06-12 18:58:00,319.2650146484375,319.489990234375,319.20001220703125,319.45220947265625,122517.0,319.4427409093655,0.0,0.0,0.0,0.0,0.0,0.0,0.0,0.0,0.0,0.0,0.0,0.0004541337353594,1,320.352373046875,44.004670370590794,0.09356006829379471,319.1565065875759,-0.0005477954909571814,-0.2571981156670041,-0.18719482421875
2025-06-12 18:59:00,319.4100036621094,319.489990234375,319.05999755859375,319.29998779296875,140984.0,319.4396230762935,0.0,0.0,0.0,0.0,0.0,0.0,0.0,0.0,0.0,0.0,0.0,-0.0009079507266424,0,320.2859228515625,46.58336185029886,0.09912991230693041,319.17285245231835,0.0004541337353594077,0.15073010276124954,0.110015869140625
2025-06-12 19:01:00,319.1199951171875,319.2900085449219,318.9306945800781,319.13250732421875,469047.0,319.4091823182834,0.0,0.0,0.0,0.0,0.0,0.0,0.0,0.0,0.0,0.0,0.0,-0.0010027805499972,0,320.2109649658203,42.37936477928593,0.08222629356183297,319.1901413626573,-0.0009079507266424036,2.3269519945525734,-0.01251220703125
2025-06-12 19:02:00,318.79998779296875,319.2373046875,318.4700012207031,319.1000061035156,267123.0,319.35116379206295,0.9715858101844788,0.0,0.0284141898155212,0.4979027509689331,0.4902631342411041,0.0118341697379946,9.867822114983937e-08,0.9999995231628418,4.0134224832399923e-07,0.489829553277211,0.4858431651176204,0.0009445324808321,1,320.1301647949219,38.27470439540877,0.050020997001890055,319.1691573518508,-0.0010027805499972509,-0.4304984361908295,-0.300018310546875
2025-06-12 19:03:00,319.1011047363281,319.44000244140625,318.7099914550781,318.8299865722656,221059.0,319.3273486438977,0.0,0.0,0.0,0.0,0.0,0.0,0.0,0.0,0.0,0.0,0.0,0.0002788748032884,1,320.0483868408203,43.791475096023014,0.04943785181974025,319.1637793455511,0.0009445324808321498,-0.1724449036586142,0.2711181640625
2025-06-12 19:04:00,319.1900939941406,319.38909912109375,319.04998779296875,319.1300048828125,131066.0,319.3142767724923,0.0,0.0,0.0,0.0,0.0,0.0,0.0,0.0,0.0,0.0,0.0,-0.0006112309893824,0,319.97508850097654,45.3461151999533,0.0550552557451347,319.17717927629917,0.0002788748032884758,-0.4070994621345433,0.060089111328125
2025-06-12 19:05:00,318.9949951171875,319.289306640625,318.94000244140625,319.239501953125,104290.0,319.2838689957966,0.0,0.0,0.0,0.0,0.0,0.0,0.0,0.0,0.0,0.0,0.0,-9.719857630874353e-05,0,319.9047882080078,42.56642303129189,0.04600924698699205,319.16480012487483,-0.0006112309893824275,-0.20429401980681494,-0.2445068359375
2025-06-12 19:06:00,318.9639892578125,319.17999267578125,318.8399963378906,318.94000244140625,118548.0,319.2534042588457,0.0,0.0,0.0,0.0,0.0,0.0,0.0,0.0,0.0,0.0,0.0,-0.0028341497149011,0,319.82996826171876,42.124481444052186,0.03861387061331928,319.147870746776,-9.719857630874351e-05,0.13671492952344422,0.02398681640625
2025-06-12 19:07:00,318.05999755859375,318.9800109863281,318.04998779296875,318.9800109863281,413033.0,319.1397464778693,0.0,0.0,0.0,0.0,0.0,0.0,0.0,0.0,0.0,0.0,0.0,-0.0001886359776591,0,319.74716796875,31.768346904473972,-0.02315916917666433,319.0347109147332,-0.0028341497149011463,2.484099267807133,-0.920013427734375
2025-06-12 19:08:00,318.0,318.3598937988281,317.70001220703125,318.0799865722656,446661.0,319.03119919426274,0.0,0.0,0.0,0.0,0.0,0.0,0.0,0.0,0.0,0.0,0.0,-0.0002814718762284,0,319.67481811523436,31.219758684977123,-0.06186231134311049,318.88202316879426,-0.0001886359776591684,0.08141722332113899,-0.079986572265625
2025-06-12 19:09:00,317.9104919433594,318.2300109863281,317.8999938964844,318.0299072265625,186120.0,318.92446517036717,0.0,0.0,0.0,0.0,0.0,0.0,0.0,0.0,0.0,0.0,0.0,-0.0016806672675266,0,319.59722778320315,30.37698727765728,-0.0858191002734468,318.8199192295648,-0.00028147187622840075,-0.5833081464466341,-0.119415283203125
2025-06-12 19:10:00,317.3761901855469,318.0,317.3275146484375,317.94000244140625,332575.0,318.7770104099081,0.0,0.0,0.0,0.0,0.0,0.0,0.0,0.0,0.0,0.0,0.0,-0.0003475072508724,0,319.50475158691404,25.885008274838626,-0.12746740201791307,318.6682716289403,-0.001680667267526692,0.7868848055018267,-0.563812255859375
2025-06-12 19:11:00,317.2658996582031,317.5299987792969,316.8800048828125,317.3900146484375,485811.0,318.6330951002219,0.0,0.0,0.0,0.0,0.0,0.0,0.0,0.0,0.0,0.0,0.0,7.598953037413203e-05,1,319.4184698486328,25.061190772694516,-0.1506711983005286,318.44206575215094,-0.0003475072508724031,0.4607562204014133,-0.124114990234375
2025-06-12 19:12:00,317.2900085449219,317.6000061035156,316.8800964355469,317.3283996582031,350487.0,318.5051820949552,0.0,0.0,0.0,0.0,0.0,0.0,0.0,0.0,0.0,0.0,0.0,0.0005672812598376,1,319.3456701660156,25.618468197939592,-0.1521774877830464,318.2908763844752,7.598953037413203e-05,-0.27855277052186966,-0.03839111328125
2025-06-12 19:13:00,317.4700012207031,317.54998779296875,316.9302062988281,317.3208923339844,248993.0,318.40659344026454,0.0,0.0,0.0,0.0,0.0,0.0,0.0,0.0,0.0,0.0,0.0,0.0002205163446926,1,319.28127014160157,29.81482502191713,-0.12971025564812383,318.19678651446407,0.0005672812598376265,-0.2895799273582187,0.14910888671875
2025-06-12 19:14:00,317.5400085449219,317.5799865722656,317.1700134277344,317.4200134277344,206298.0,318.32406154547,0.0,0.0,0.0,0.0,0.0,0.0,0.0,0.0,0.0,0.0,0.0,0.001288592544212,1,319.2280700683594,31.43507719336276,-0.1001180263220956,318.117275879056,0.00022051634469266723,-0.1714706839148088,0.1199951171875
2025-06-12 19:15:00,317.9491882324219,318.0248107910156,317.4100036621094,317.5028991699219,322038.0,318.28835932517967,0.0,0.0,0.0,0.0,0.0,0.0,0.0,0.0,0.0,0.0,0.0,0.0016537795677886,1,319.1885540771484,40.13412698046049,-0.04573788326101946,317.9682973001135,0.0012885925442120971,0.5610330686676555,0.4462890625
2025-06-12 19:16:00,318.4750061035156,318.6899108886719,317.8700866699219,317.9100036621094,398014.0,318.3061352088307,0.0,0.0,0.0,0.0,0.0,0.0,0.0,0.0,0.0,0.0,0.0,0.0013658766002264,1,319.16325439453124,49.075471012924375,0.028875969225981235,317.947670019183,0.0016537795677886713,0.23592246877697653,0.56500244140625
2025-06-12 19:17:00,318.9100036621094,319.0,318.42999267578125,318.44000244140625,315237.0,318.36364649009533,0.0,0.0,0.0,0.0,0.0,0.0,0.0,0.0,0.0,0.0,0.0,-0.0004076538249651,0,319.14035461425783,55.05589995024091,0.10639878300231859,317.95044183405986,0.0013658766002264677,-0.20797509635339462,0.470001220703125
2025-06-12 19:18:00,318.7799987792969,319.1199951171875,318.67999267578125,318.9200134277344,262089.0,318.40329908906693,0.0,0.0,0.0,0.0,0.0,0.0,0.0,0.0,0.0,0.0,0.0,0.0014429746434518,1,319.1258544921875,53.050716572232666,0.14538136314978312,317.96794330332773,-0.00040765382496510405,-0.16859696038218863,-0.1400146484375
2025-06-12 19:19:00,319.239990234375,319.3999938964844,318.7799987792969,318.79998779296875,302061.0,318.48298396004867,0.0,0.0,0.0,0.0,0.0,0.0,0.0,0.0,0.0,0.0,0.0,0.0012219841282588,1,319.11755432128905,58.7722755378561,0.19548497465101672,318.02231933927766,0.0014429746434518886,0.1525130776186716,0.44000244140625
2025-06-12 19:20:00,319.6300964355469,319.9399108886719,319.006591796875,319.2550048828125,342090.0,318.59223276723895,0.0,0.0,0.0,0.0,0.0,0.0,0.0,0.0,0.0,0.0,0.0,-2.864333972230071e-07,0,319.1169561767578,62.901423357338146,0.24502705560806282,318.10883452892426,0.0012219841282588018,0.13251959041385675,0.375091552734375
2025-06-12 19:21:00,319.6300048828125,319.8194885253906,319.42999267578125,319.6600036621094,278131.0,318.69106820681736,0.0,0.0,0.0,0.0,0.0,0.0,0.0,0.0,0.0,0.0,0.0,-0.0017226109442795,0,319.10741455078124,62.89983117172794,0.2661601270456461,318.1796454725939,-2.864333972230071e-07,-0.18696541845713122,-0.029998779296875
2025-06-12 19:22:00,319.07940673828125,319.7250061035156,319.0205993652344,319.580810546875,244204.0,318.72805282886156,0.0,0.0,0.0,0.0,0.0,0.0,0.0,0.0,0.0,0.0,0.0,0.0003701367899326,1,319.09126647949216,54.040504364906084,0.23264047379199862,318.25891562225166,-0.0017226109442795012,-0.12198208757743656,-0.50140380859375
2025-06-12 19:23:00,319.197509765625,319.34991455078125,318.760009765625,319.04998779296875,308450.0,318.7727630133152,0.0,0.0,0.0,0.0,0.0,0.0,0.0,0.0,0.0,0.0,0.0,0.0003837672752637,1,319.0775164794922,55.48871697736773,0.20876741899637294,318.3284880791975,0.0003701367899326957,0.2630833237784802,0.14752197265625
2025-06-12 19:24:00,319.32000732421875,319.5,319.25,319.43829345703125,150706.0,318.82488151911554,0.9968016147613524,0.0,0.0031983852386474,0.9403891563415528,0.058130145072937,0.0014807467814534,2.1751680456816302e-09,0.9999995231628418,5.349651246433496e-07,0.6457302577593578,0.5599296952286587,-0.000140966512282,0,319.06342834472656,57.00212203384458,0.19199675575008496,318.42527169416377,0.00038376727526379106,-0.5114086561841465,-0.1182861328125
2025-06-12 19:25:00,319.2749938964844,319.45001220703125,319.0400085449219,319.3500061035156,198040.0,318.86774936457925,0.0,0.0,0.0,0.0,0.0,0.0,0.0,0.0,0.0,0.0,0.0,0.0005011468645153,1,319.04712829589846,56.245339765341356,0.169429120555778,318.6155722035589,-0.00014096651228201473,0.3140817220283201,-0.07501220703125
2025-06-12 19:26:00,319.43499755859375,319.54998779296875,319.0638122558594,319.2950134277344,167463.0,318.92177300210443,0.0,0.0,0.0,0.0,0.0,0.0,0.0,0.0,0.0,0.0,0.0,0.0007125083331374,1,319.0271282958984,58.36149523272461,0.15710863685731208,318.7756197140381,0.0005011468645153005,-0.15439810139365784,0.139984130859375
2025-06-12 19:27:00,319.66259765625,319.8699951171875,319.3900146484375,319.42999267578125,273491.0,318.99232773107065,0.0,0.0,0.0,0.0,0.0,0.0,0.0,0.0,0.0,0.0,0.0,-0.0003212501279272,0,319.0113800048828,61.23363481515647,0.1558124935461104,318.93481322470524,0.0007125083331374071,0.6331428434937867,0.23260498046875
2025-06-12 19:28:00,319.5599060058594,319.71990966796875,319.4100036621094,319.6653137207031,161733.0,319.04638280486006,0.0,0.0,0.0,0.0,0.0,0.0,0.0,0.0,0.0,0.0,0.0,-0.0001874640864936,0,318.9955780029297,59.2478579667232,0.14006056325772723,319.04547650928896,-0.00032125012792727503,-0.40863501906826916,-0.10540771484375
2025-06-12 19:29:00,319.5,319.6499938964844,319.3507995605469,319.55938720703125,184062.0,319.0895844424924,0.0,0.0,0.0,0.0,0.0,0.0,0.0,0.0,0.0,0.0,0.0,-0.0015023818038438,0,318.9767779541016,58.064887488908255,0.11848502148566845,319.1811564499002,-0.00018746408649361612,0.13806087811392853,-0.05938720703125
2025-06-12 19:30:00,319.0199890136719,319.6000061035156,318.8999938964844,319.4342041015625,260157.0,319.0829563064143,0.0,0.0,0.0,0.0,0.0,0.0,0.0,0.0,0.0,0.0,0.0,0.0011886760668309,1,318.9498095703125,49.53105141667598,0.06731020866661794,319.2770884528833,-0.0015023818038438774,0.4134204778824526,-0.414215087890625
2025-06-12 19:31:00,319.3992004394531,319.3992004394531,318.7900085449219,319.0400085449219,250872.0,319.11307479527517,0.0,0.0,0.0,0.0,0.0,0.0,0.0,0.0,0.0,0.0,0.0,-6.009895019842837e-05,0,318.92579345703126,55.14026906660222,0.05494596789842966,319.3173989294683,0.0011886760668309293,-0.03568998720003691,0.35919189453125
2025-06-12 19:32:00,319.3800048828125,319.7900085449219,319.260009765625,319.3479919433594,281876.0,319.13849670837396,0.0,0.0,0.0,0.0,0.0,0.0,0.0,0.0,0.0,0.0,0.0,0.0005478983978128,1,318.918193359375,54.808200659598214,0.04200495989592509,319.3658150520669,-6.009895019842837e-05,0.12358493574412455,0.032012939453125
2025-06-12 19:33:00,319.55499267578125,319.55999755859375,319.1600036621094,319.3999938964844,141211.0,319.17816299098416,0.0,0.0,0.0,0.0,0.0,0.0,0.0,0.0,0.0,0.0,0.0,-0.0014864612176395,0,318.9186932373047,57.330891187860814,0.04167742431233579,319.3894293158002,0.0005478983978128849,-0.4990314890235422,0.154998779296875
2025-06-12 19:34:00,319.0799865722656,319.6000061035156,319.06298828125,319.5299987792969,141106.0,319.1688128558681,0.0,0.0,0.0,0.0,0.0,0.0,0.0,0.0,0.0,0.0,0.0,0.0005328238526043,1,318.9215930175781,49.28784929367069,0.007696855583966572,319.3675440172874,-0.001486461217639512,-0.0007435681356268153,-0.45001220703125
2025-06-12 19:35:00,319.25,319.3699951171875,319.0400085449219,319.1025085449219,113529.0,319.17654496483306,0.0029196143150329,0.0,0.997080385684967,0.0253993235528469,0.4762401580810547,0.4983604848384857,0.9784929156303406,0.0043744551949203,0.017132606357336,0.3356039511660735,0.5568716187814813,-0.0008770517754013,0,318.9303930664062,51.88945019798782,-0.004449367878617438,319.3366869202653,0.0005328238526043361,-0.19543463779003023,0.147491455078125
2025-06-12 19:36:00,318.9700012207031,319.2795104980469,318.80389404296875,319.2550048828125,149206.0,319.15687413205876,0.0,0.0,0.0,0.0,0.0,0.0,0.0,0.0,0.0,0.0,0.0,-0.0012201482030871,0,318.9274932861328,47.56186963516602,-0.030982108358315913,319.3249983862134,-0.0008770517754013163,0.3142545076588361,-0.285003662109375
2025-06-12 19:37:00,318.580810546875,318.9736022949219,318.3599853515625,318.95050048828125,244441.0,319.10201093346984,0.0,0.0,0.0,0.0,0.0,0.0,0.0,0.0,0.0,0.0,0.0,0.0002956149365433,1,318.92420959472656,42.28319538251407,-0.07203890601680313,319.2884768149435,-0.0012201482030871347,0.6382786215031566,-0.36968994140625
2025-06-12 19:38:00,318.67498779296875,318.8324890136719,318.4923095703125,318.6099853515625,160330.0,319.0613420629459,0.0,0.0,0.0,0.0,0.0,0.0,0.0,0.0,0.0,0.0,0.0,0.0010826115444217,1,318.91400939941406,43.90558011494245,-0.08903523350822069,319.24815324389726,0.000295614936543398,-0.34409530316109005,0.06500244140625
2025-06-12 19:39:00,319.0199890136719,319.1189880371094,318.55279541015625,318.6943054199219,158449.0,319.0574036773008,0.0,0.0,0.0,0.0,0.0,0.0,0.0,0.0,0.0,0.0,0.0,-0.0003761366726846,0,318.9119091796875,49.505188499417514,-0.07385001945929798,319.22696367976545,0.0010826115444217965,-0.011732052641427071,0.32568359375
2025-06-12 19:40:00,318.8999938964844,319.0050048828125,318.660888671875,318.989990234375,155531.0,319.042412269604,0.0,0.0,0.0,0.0,0.0,0.0,0.0,0.0,0.0,0.0,0.0,0.0007839448252895,1,318.9107348632813,47.72086368499468,-0.06879673348106335,319.19768753531434,-0.0003761366726846571,-0.0184160202967516,-0.089996337890625
2025-06-12 19:41:00,319.1499938964844,319.25,318.8700866699219,318.9200134277344,233131.0,319.0526581388307,0.0,0.0,0.0,0.0,0.0,0.0,0.0,0.0,0.0,0.0,0.0,0.0002858124479401,1,318.9034344482422,51.63232905680548,-0.04658981965599058,319.14217708797185,0.0007839448252895398,0.49893590345333094,0.22998046875
2025-06-12 19:42:00,319.2412109375,319.29998779296875,318.8800048828125,319.1400146484375,146591.0,319.07061554822775,0.0,0.0,0.0,0.0,0.0,0.0,0.0,0.0,0.0,0.0,0.0,0.0007949605846382,1,318.9014587402344,53.013677355048344,-0.024822437208694086,319.1160883031958,0.00028581244794012584,-0.37120760430830735,0.1011962890625
2025-06-12 19:43:00,319.4949951171875,319.6199951171875,319.0,319.29998779296875,246278.0,319.11103265003345,0.0,0.0,0.0,0.0,0.0,0.0,0.0,0.0,0.0,0.0,0.0,-0.0005477012023445,0,318.91015869140625,56.71736979393081,0.0059596036883621945,319.1131920841562,0.0007949605846382379,0.6800349271101227,0.19500732421875
2025-06-12 19:44:00,319.32000732421875,319.5281066894531,319.17999267578125,319.4949951171875,174167.0,319.13093499995585,0.0,0.0,0.0,0.0,0.0,0.0,0.0,0.0,0.0,0.0,0.0,-0.000344531713069,0,318.9109588623047,53.5811712253544,0.01340140366231278,319.12256078699596,-0.0005477012023445971,-0.2928032548583308,-0.17498779296875
2025-06-12 19:45:00,319.2099914550781,319.38360595703125,319.1099853515625,319.29998779296875,129168.0,319.138464186158,0.0,0.0,0.0,0.0,0.0,0.0,0.0,0.0,0.0,0.0,0.0,-0.0012530744876156,0,318.9133587646484,51.64755835390042,0.009939693232341791,319.1209464316165,-0.0003445317130690295,-0.258366969632594,-0.089996337890625
2025-06-12 19:46:00,318.80999755859375,319.29998779296875,318.760009765625,319.20001220703125,178775.0,319.1071816501995,0.0,0.0,0.0,0.0,0.0,0.0,0.0,0.0,0.0,0.0,0.0,0.0009253581443291,1,318.90415283203123,45.25329852045456,-0.018703032536778692,319.0662898813359,-0.0012530744876156907,0.3840502291589247,-0.3900146484375
2025-06-12 19:47:00,319.1050109863281,319.1499938964844,318.7626037597656,318.7950134277344,198738.0,319.106974920307,0.0,0.0,0.0,0.0,0.0,0.0,0.0,0.0,0.0,0.0,0.0,0.0002977114662332,1,318.9000531005859,50.1548800728096,-0.01723086010628215,319.04049737624297,0.000925358144329147,0.11166550132848552,0.30999755859375
2025-06-12 19:48:00,319.20001220703125,319.3399963378906,318.9700012207031,319.1393127441406,272849.0,319.11583561428074,0.0,0.0,0.0,0.0,0.0,0.0,0.0,0.0,0.0,0.0,0.0,0.0005482073504912,1,318.89525329589844,51.65592474632553,-0.009685465790381445,319.04288049973223,0.0002977114662332525,0.37290804979420145,0.060699462890625
2025-06-12 19:49:00,319.375,319.4200134277344,319.17498779296875,319.20001220703125,233891.0,319.1405179367302,0.0,0.0,0.0,0.0,0.0,0.0,0.0,0.0,0.0,0.0,0.0,-0.0001096005075831,0,318.8974530029297,54.381008791953306,0.0063975956217192514,319.05984353803416,0.0005482073504912144,-0.14278227151281475,0.17498779296875
2025-06-12 19:50:00,319.3399963378906,319.5799865722656,319.20001220703125,319.30999755859375,288044.0,319.15951587969784,0.0,0.0,0.0,0.0,0.0,0.0,0.0,0.0,0.0,0.0,0.0,0.0005749162400745,1,318.8960528564453,53.72858103779188,0.013573055213156576,319.0940840108176,-0.00010960050758312967,0.2315309267992356,0.029998779296875
2025-06-12 19:51:00,319.5235900878906,319.5299987792969,319.17498779296875,319.3699951171875,195776.0,319.19418961381143,0.0,0.0,0.0,0.0,0.0,0.0,0.0,0.0,0.0,0.0,0.0,-0.0003554868225849,0,318.90412475585936,56.66522190295289,0.028708693522593462,319.15657560274667,0.0005749162400745522,-0.3203260612961909,0.153594970703125
2025-06-12 19:52:00,319.4100036621094,319.6600036621094,319.2699890136719,319.489990234375,264950.0,319.21474333269697,0.0,0.0,0.0,0.0,0.0,0.0,0.0,0.0,0.0,0.0,0.0,-0.0001875520652845,0,318.9163250732422,54.36631623147812,0.029009404996603948,319.21060882846973,-0.00035548682258490505,0.35333237986270016,-0.079986572265625
2025-06-12 19:53:00,319.35009765625,319.5,319.32049560546875,319.4518127441406,119650.0,319.2276342206544,0.0,0.0,0.0,0.0,0.0,0.0,0.0,0.0,0.0,0.0,0.0,-0.0014406853518728,0,318.92130493164063,53.14178653281044,0.02335574862827651,319.2356791523089,-0.00018755206528453527,-0.5484053595017928,-0.101715087890625
2025-06-12 19:54:00,318.8900146484375,319.3500061035156,318.6000061035156,319.3500061035156,346644.0,319.1954799756814,0.0,0.0,0.0,0.0,0.0,0.0,0.0,0.0,0.0,0.0,0.0,0.0009093355515175,1,318.91530334472657,44.7966172905411,-0.011325209992980756,319.22213519266535,-0.0014406853518728058,1.897150020894275,-0.459991455078125
2025-06-12 19:55:00,319.17999267578125,319.3800048828125,318.8500061035156,318.92999267578125,264855.0,319.1940049947385,0.0,0.0,0.0,0.0,0.0,0.0,0.0,0.0,0.0,0.0,0.0,-0.0002819610876488,0,318.91900329589845,50.11392633613918,-0.014488930726865724,319.22480221972836,0.0009093355515175094,-0.23594523488074215,0.25
2025-06-12 19:56:00,319.0899963378906,319.2298889160156,318.9236145019531,319.1700134277344,243740.0,319.18409940837205,0.0,0.0,0.0,0.0,0.0,0.0,0.0,0.0,0.0,0.0,0.0,0.0006268206754418,1,318.9215234375,48.550894314098805,-0.02194846297055289,319.21763289555673,-0.0002819610876488854,-0.0797228672292386,-0.08001708984375
2025-06-12 19:57:00,319.2900085449219,319.30999755859375,319.0400085449219,319.07000732421875,259284.0,319.1941859928054,0.0,0.0,0.0,0.0,0.0,0.0,0.0,0.0,0.0,0.0,0.0,-0.0001882916073078,0,318.94612365722656,52.12474874792235,-0.01315179282750896,319.20531701879935,0.0006268206754418415,0.06377287273324028,0.220001220703125
2025-06-12 19:58:00,319.2298889160156,319.3800048828125,319.17999267578125,319.2799987792969,283583.0,319.1975862712064,0.0,0.0,0.0,0.0,0.0,0.0,0.0,0.0,0.0,0.0,0.0,-0.0001719798958464,0,318.97072143554686,50.97846984991326,-0.011198216406053396,319.20303458532914,-0.00018829160730782224,0.09371577112355567,-0.05010986328125
