Datetime,Prob_Pos_finbert,Prob_Neu_finbert,Prob_Neg_finbert,Prob_Pos_roberta,Prob_Neu_roberta,Prob_Neg_roberta,Prob_Pos_distilbert,Prob_Neu_distilbert,Prob_Neg_distilbert,Engagement_Weight,Prob_Pos_Weighted,Prob_Neu_Weighted,Prob_Neg_Weighted,Sentiment_Confidence,Total_Weight,Ticker,Source,Source_Type,Sentiment_Score,Sentiment_MA_6h,Sentiment_MA_24h,Sentiment_Velocity_1h,Sentiment_Velocity_6h,Sentiment_Acceleration,Sentiment_Momentum,Sentiment_Volatility
2025-07-07 02:44:31+00:00,0.9992328882217408,3.568488318705931e-05,0.0007314755930565,0.0504305474460125,0.4596391916275024,0.4899302423000335,0.000862717628479,0.0,0.999137282371521,,,,,,,,,,,,,,,,,
2025-07-07 07:15:00+00:00,5.4704738516875295e-08,0.9999998807907104,1.3831716216827772e-07,0.8207075595855713,0.1740206182003021,0.0052718133665621,0.0098486542701721,0.0,0.990151345729828,,,,,,,,,,,,,,,,,
2025-07-07 10:41:00+00:00,0.9999990463256836,8.598082104072091e-07,1.0629517532834144e-07,0.0194095820188522,0.3013193309307098,0.6792711615562439,0.0016127824783325,0.0,0.9983872175216676,,,,,,,,,,,,,,,,,
2025-07-07 14:34:44+00:00,5.598990355792921e-06,0.999994158744812,1.8298375437098002e-07,0.1432719528675079,0.5296936631202698,0.3270343244075775,0.109051764011383,0.0,0.8909482359886169,,,,,,,,,,,,,,,,,
2025-07-07 16:11:42+00:00,0.9999998807907104,4.8471534341842926e-08,3.9300342535852906e-08,0.0105874184519052,0.2106012552976608,0.7788112759590149,0.0005149841308593,0.0,0.9994850158691406,,,,,,,,,,,,,,,,,
2025-07-08 00:05:00+00:00,0.9999995231628418,3.0549605867236096e-07,1.2243400249190017e-07,0.0606539361178875,0.3859824538230896,0.5533636808395386,0.003640592098236,0.0,0.996359407901764,,,,,,,,,,,,,,,,,
2025-07-08 07:06:00+00:00,0.9999990463256836,3.8943764479881793e-07,5.416875410446664e-07,0.0474960952997207,0.5150676369667053,0.4374363422393799,0.4313586354255676,0.0,0.5686413645744324,,,,,,,,,,,,,,,,,
2025-07-08 10:31:31+00:00,0.9999996423721312,2.280783490959948e-07,1.1543632183474985e-07,0.0367140211164951,0.3353502452373504,0.6279357671737671,0.0031269192695617,0.0,0.9968730807304382,,,,,,,,,,,,,,,,,
2025-07-08 15:00:00+00:00,3.310506713205541e-08,0.9999998807907104,1.7019711151533556e-07,0.6889031529426575,0.3069919049739837,0.0041049090214073,0.9923845529556274,0.0,0.0076154470443725,,,,,,,,,,,,,,,,,
2025-07-08 15:35:40+00:00,3.5329470904343914e-08,1.0,2.6746175052494436e-08,0.7081291675567627,0.2857216596603393,0.0061491825617849,0.9937000274658204,0.0,0.0062999725341796,,,,,,,,,,,,,,,,,
2025-07-08 21:19:31+00:00,3.496363643051836e-09,1.0,1.330648813357982e-09,0.9103212952613832,0.0885520875453949,0.0011266230139881,0.9993268251419068,0.0,0.0006731748580932,,,,,,,,,,,,,,,,,
2025-07-08 22:30:14+00:00,0.9999991655349731,7.809546218595642e-07,4.6352862881349224e-08,0.0478650294244289,0.3562569320201874,0.595878005027771,0.0015422105789184,0.0,0.9984577894210817,,,,,,,,,,,,,,,,,
2025-07-09 03:43:25+00:00,0.9997239708900452,0.0001930630824062,8.296020678244531e-05,0.0149244358763098,0.2549077272415161,0.730167806148529,0.0129594206809997,0.0,0.9870405793190002,,,,,,,,,,,,,,,,,
2025-07-09 06:55:00+00:00,2.904907869805129e-09,1.0,9.35232447041301e-10,0.6795519590377808,0.3121862411499023,0.0082618221640586,0.0050812363624572,0.0,0.9949187636375428,,,,,,,,,,,,,,,,,
2025-07-09 08:59:00+00:00,9.82106757874135e-06,0.9996484518051147,0.0003418123815208,0.4799454808235168,0.5098032355308533,0.0102513246238231,0.9065327644348145,0.0,0.0934672355651855,,,,,,,,,,,,,,,,,
2025-07-09 10:05:00+00:00,0.9999985694885254,1.304204033658607e-06,9.722852922777748e-08,0.0074246139265596,0.1267127692699432,0.8658625483512878,0.0003119707107543,0.0,0.9996880292892456,,,,,,,,,,,,,,,,,
2025-07-09 13:02:00+00:00,0.0005260924808681,0.9992806315422058,0.0001933145540533,0.7406729459762573,0.2546267509460449,0.0047002420760691,0.0294651985168457,0.0,0.9705348014831544,,,,,,,,,,,,,,,,,
2025-07-09 14:53:00+00:00,2.413931952105486e-07,0.9999929666519164,6.794220553274499e-06,0.486990362405777,0.5065115690231323,0.0064979926683008,0.0007933974266052,0.0,0.9992066025733948,,,,,,,,,,,,,,,,,
2025-07-09 16:24:34+00:00,1.8559212833224592e-08,1.0,8.257196704164471e-09,0.844314455986023,0.1517602801322937,0.0039252154529094,0.98857444524765,0.0,0.0114255547523498,,,,,,,,,,,,,,,,,
2025-07-10 07:06:00+00:00,4.142068021906198e-09,1.0,3.0978546394777595e-09,0.8445804119110107,0.1499343067407608,0.0054853642359375,0.9886558055877686,0.0,0.0113441944122314,,,,,,,,,,,,,,,,,
2025-07-10 07:22:00+00:00,1.505971680693107e-09,1.0,9.164177749987346e-10,0.9039046168327332,0.0931761488318443,0.0029192257206887,0.9996278285980223,0.0,0.0003721714019775,,,,,,,,,,,,,,,,,
2025-07-10 10:07:00+00:00,3.404268682061229e-06,0.0001277807896258,0.9998687505722046,0.6651231050491333,0.3266255259513855,0.0082513326779007,0.4364591240882873,0.0,0.5635408759117126,,,,,,,,,,,,,,,,,
2025-07-10 10:15:00+00:00,0.035403337329626,0.9645853638648988,1.1366669241397176e-05,0.5136128067970276,0.4183593988418579,0.0680278614163398,0.1505173444747924,0.0,0.8494826555252075,,,,,,,,,,,,,,,,,
2025-07-10 10:32:00+00:00,0.0056467889808118,0.9899881482124328,0.004364994354546,0.1670520007610321,0.5336505174636841,0.2992974519729614,0.906352698802948,0.0,0.093647301197052,,,,,,,,,,,,,,,,,
2025-07-10 13:00:00+00:00,0.9999942779541016,4.2814067455765326e-06,1.4834321291345989e-06,0.0412260815501213,0.4846990406513214,0.4740747809410095,0.0007300972938537,0.0,0.9992699027061462,,,,,,,,,,,,,,,,,
2025-07-10 15:05:00+00:00,0.9999988079071044,5.732577506023517e-07,6.580033868885948e-07,0.0194273348897695,0.3096956610679626,0.6708770990371704,0.0061838626861572,0.0,0.9938161373138428,,,,,,,,,,,,,,,,,
2025-07-11 13:29:00+00:00,0.938557267189026,0.0470270961523056,0.0144156673923134,0.2661100625991821,0.6181877851486206,0.1157021149992942,0.0358110070228576,0.0,0.9641889929771424,,,,,,,,,,,,,,,,,
2025-07-12 07:06:00+00:00,0.9999997615814208,1.0987061216383156e-07,1.1286907408702973e-07,0.0133737185969948,0.1354189813137054,0.8512073755264282,0.0007351040840148,0.0,0.9992648959159852,,,,,,,,,,,,,,,,,
2025-07-12 08:33:00+00:00,1.977625743165845e-06,0.9999934434890748,4.592013738147216e-06,0.9218642711639404,0.0748912990093231,0.0032444030512124,0.0842019915580749,0.0,0.915798008441925,,,,,,,,,,,,,,,,,
2025-07-12 09:04:00+00:00,7.01046261042393e-08,0.9998923540115356,0.0001075194013537,0.8065034747123718,0.190664455294609,0.0028320814017206,0.994616448879242,0.0,0.005383551120758,,,,,,,,,,,,,,,,,
2025-07-12 14:05:00+00:00,2.3330803742283024e-05,0.8735193610191345,0.1264573484659195,0.8341749906539917,0.1645900756120681,0.0012349257012829,0.998784363269806,0.0,0.001215636730194,,,,,,,,,,,,,,,,,
2025-07-12 16:37:00+00:00,6.735525204248918e-08,0.9999997615814208,1.977993804302969e-07,0.8312188386917114,0.1663954854011535,0.002385702682659,0.9561616778373718,0.0,0.0438383221626281,,,,,,,,,,,,,,,,,
2025-07-13 08:30:00+00:00,0.9866472482681274,0.013347559608519,5.148116542841308e-06,0.2102045118808746,0.5536819696426392,0.2361134886741638,0.7316753268241882,0.0,0.2683246731758117,,,,,,,,,,,,,,,,,
2025-07-14 05:52:42+00:00,1.6896236047614366e-05,0.0002434707130305,0.9997395873069764,0.4884035885334015,0.5009408593177795,0.0106555446982383,0.0129847526550292,0.0,0.9870152473449708,,,,,,,,,,,,,,,,,
2025-07-14 08:52:27+00:00,5.789578062831424e-05,6.485612175310962e-06,0.9999356269836426,0.1088784858584404,0.775537371635437,0.115584060549736,0.0048405528068542,0.0,0.9951594471931458,1.0,0.0275385365950933,0.1900084720220911,0.4824529736489057,0.6892185337841511,0.7,TSLA,alphavantage,news,-0.4549144370538124,-0.4549144370538124,-0.4549144370538124,,,,,
2025-07-14 12:33:00+00:00,0.4352141618728637,0.0037435907288454,0.5610422790050507,0.0244587790220975,0.5178966522216797,0.4576445370912552,0.0032683014869689,0.0,0.996731698513031,1.0,0.1284243189450353,0.1279328851983882,0.443642796948552,0.6337754242122173,0.7,TSLA,alphavantage,news,-0.3152184780035166,-0.3850664575286645,-0.3850664575286645,,,,,0.0987799599488223
2025-07-14 13:46:40+00:00,0.010114979930222,0.002693295944482,0.9871917963027954,0.1891626417636871,0.7368780374526978,0.0739593431353569,0.0068005919456481,0.0,0.9931994080543518,1.0,0.0503671452030539,0.1812892420403659,0.4683436384424567,0.669062340632081,0.7,TSLA,alphavantage,news,-0.4179764932394027,-0.3960364694322439,-0.3960364694322439,,,,,0.072386212273053
2025-07-14 14:00:00+00:00,0.9998229146003724,8.498333772877231e-05,9.207969560520723e-05,0.0224417950958013,0.3605953752994537,0.6169627904891968,0.001757264137268,0.0,0.998242735862732,,,,,,,,,,,,,,,,,
2025-07-14 14:03:00+00:00,9.223903180100024e-05,8.402849925914779e-05,0.9998237490653992,0.1600200086832046,0.4733241200447082,0.3666558563709259,0.1930733323097229,0.0,0.8069266676902771,1.479579054559674,0.0463014579603021,0.0735485668906828,0.3240236921486282,0.729990716278553,0.4438737163679022,TSLA,reddit_investing_comment,social,-0.2777222341883261,-0.3664579106212645,-0.3664579106212645,,,,,0.0836226068925021
2025-07-14 15:22:51+00:00,0.0003573353169485,9.520561434328556e-05,0.9995474219322203,0.1604429930448532,0.7755689024925232,0.0639881491661071,0.0103974938392639,0.0,0.989602506160736,1.0,0.0412281486066058,0.1900410386826842,0.4687308132648468,0.6696154475212097,0.7,TSLA,alphavantage,news,-0.4275026646582409,-0.3786668614286598,-0.3786668614286598,,,,,0.077394106278905
2025-07-14 16:27:00+00:00,9.166326364606904e-09,0.9999994039535522,5.793370974060963e-07,0.7202286124229431,0.2729767560958862,0.0067946529015898,0.0121248364448547,0.0,0.9878751635551452,,,,,,,,,,,,,,,,,
2025-07-14 16:36:46+00:00,8.676738048052357e-07,0.9999980926513672,1.0042793974207598e-06,0.9001625180244446,0.0973265841603279,0.0025109066627919,0.9996365308761596,0.0,0.0003634691238403,,,,,,,,,,,,,,,,,
2025-07-14 18:01:00+00:00,7.057963102852227e-07,6.378990656230599e-05,0.999935507774353,0.03034015186131,0.8920475244522095,0.077612280845642,0.0498165488243103,0.0,0.9501834511756896,1.0,0.0161514308732421,0.2185695046646287,0.4652790549397468,0.6646843641996384,0.7,TSLA,newsapi,news,-0.4491276240665047,-0.3904103218683006,-0.3904103218683006,,,,,0.0749621993270796
2025-07-14 18:06:23+00:00,0.0079692276194691,0.0003699962690006,0.99166077375412,0.0173958111554384,0.615391731262207,0.3672124147415161,0.0618471503257751,0.0,0.9381528496742249,1.0,0.0173166087735444,0.1508745731145609,0.5318088069558143,0.7597268670797348,0.7,TSLA,newsapi,news,-0.5144921981822699,-0.4081363041988676,-0.4081363041988676,,,,,0.0829593228860528
2025-07-14 18:06:38+00:00,1.3971846783533692e-05,0.0190521534532308,0.980933964252472,0.5784556865692139,0.4198031723499298,0.0017410858999937,0.0026507377624511,0.0,0.9973492622375488,1.0,0.1421894344349857,0.1081863801926374,0.4496241969277617,0.6423202813253739,0.7,TSLA,newsapi,news,-0.3074347624927759,-0.3955486114856061,-0.3955486114856061,,,,,0.0846561920454982
2025-07-14 18:17:29+00:00,0.0004018940962851,0.0024514344986528,0.9971466660499572,0.1879065185785293,0.8052965998649597,0.0067968862131237,0.0151631236076354,0.0,0.9848368763923644,1.0,0.0488031740300357,0.1979840686265379,0.4532127569848671,0.6474467956926674,0.7,TSLA,newsapi,news,-0.4044095829548314,-0.3965331638710757,-0.3965331638710757,,,,,0.0792436816773826
2025-07-14 18:17:30+00:00,0.0006409888155758,5.95788806094788e-05,0.99929940700531,0.0915933102369308,0.8377992510795593,0.0706074982881546,0.0449202060699462,0.0,0.9550797939300536,1.0,0.0304808739386498,0.2052774986010626,0.464241634979844,0.6632023356854916,0.7,TSLA,newsapi,news,-0.4337607610411941,-0.4002559235880875,-0.4002559235880875,,,,,0.0756334679580448
2025-07-14 18:17:38+00:00,0.0025637806393206,0.0011503590503707,0.9962857961654664,0.2255631536245346,0.7362002730369568,0.0382365733385086,0.0138847827911376,0.0,0.9861152172088624,1.0,0.0584106682054698,0.1806911674281582,0.460898146405816,0.6584259234368801,0.7,TSLA,newsapi,news,-0.4024874782003462,-0.4004587921892019,-0.4004587921892019,,,,,0.0717553624489977
2025-07-14 18:18:00+00:00,1.695668885304258e-07,5.0049973054910886e-08,0.9999998807907104,0.080077163875103,0.9107608199119568,0.0091619715094566,0.9933899641036988,0.0,0.0066100358963012,,,,,,,,,,,,,,,,,
2025-07-14 18:20:42+00:00,0.2241007834672927,4.86411081510596e-05,0.7758505344390869,0.0121194692328572,0.4425741732120514,0.545306384563446,0.0279878377914428,0.0,0.9720121622085572,1.0,0.0706153609463945,0.1084442919472348,0.5209403422474862,0.7442004889249803,0.7,TSLA,newsapi,news,-0.4503249813010916,-0.404614307948526,-0.404614307948526,,,,,0.0699140624973397
2025-07-14 18:24:33+00:00,9.467762720305473e-05,0.0033887552563101,0.9965165853500366,0.0700777173042297,0.7519600987434387,0.1779622286558151,0.0075631737709045,0.0,0.9924368262290956,1.0,0.0185191058850614,0.1851790756639093,0.4963018345087767,0.7090026207268239,0.7,TSLA,newsapi,news,-0.4777827286237152,-0.4102426480004636,-0.4102426480004636,,,,,0.0699461331521023
2025-07-14 18:28:37+00:00,0.000101177538454,6.0220140767341945e-06,0.9998927116394044,0.0269661359488964,0.8067724108695984,0.1662615090608596,0.0102742314338684,0.0,0.9897257685661316,1.0,0.0084330235191737,0.197660926826993,0.4939060384780168,0.7055800549685955,0.7,TSLA,newsapi,news,-0.4854730149588431,-0.4156162456403479,-0.4156162456403479,,,,,0.070145392362269
2025-07-14 18:30:00+00:00,2.2943514295548084e-05,0.0001382208176323,0.9998388290405272,0.2592136710882187,0.7299600839614868,0.0108262365683913,0.0029658675193786,0.0,0.9970341324806212,1.0,0.0640328004165076,0.1788789223995013,0.4570882732747122,0.6529832475353032,0.7,TSLA,newsapi,news,-0.3930554728582046,-0.4141121941215384,-0.4141121941215384,,,,,0.067844330645075
2025-07-14 18:30:57+00:00,0.2766313254833221,0.001106425654143,0.7222623229026794,0.010291731916368,0.2689874768257141,0.7207208275794983,0.0005757808685302,0.0,0.9994242191314696,1.0,0.0800790071068331,0.06621173100546,0.5537092915177345,0.7910132735967637,0.7,TSLA,newsapi,news,-0.4736302844109014,-0.4178320747646236,-0.4178320747646236,,,,,0.0672115801972684
2025-07-14 18:33:32+00:00,1.9438455638010055e-05,1.655023652347154e-06,0.9999788999557496,0.4536436200141907,0.5334216356277466,0.0129347052425146,0.0008273720741271,0.0,0.9991726279258728,1.0,0.1112929197840276,0.1306887641354205,0.4580183046590537,0.6543118637986481,0.7,TSLA,newsapi,news,-0.3467253848750261,-0.4136493283005296,-0.4136493283005296,,,,,0.0673236992914428
2025-07-14 18:33:43+00:00,1.8107462892658077e-05,5.427531050372636e-06,0.999976396560669,0.0448989607393741,0.6375882029533386,0.3175128102302551,0.0062875151634216,0.0,0.9937124848365784,1.0,0.0121056306243553,0.156210629432262,0.531683714389801,0.7595481634140014,0.7,TSLA,newsapi,news,-0.5195780837654456,-0.4195342591596916,-0.4195342591596916,,,,,0.0699231534543424
2025-07-14 18:36:00+00:00,0.0010506951948627,3.876042683259584e-05,0.9989105463027954,0.0284302495419979,0.8459873795509338,0.1255823224782943,0.2675838470458984,0.0,0.7324161529541016,1.0,0.0540867790253832,0.2072777609094919,0.4386354487389325,0.6266220696270466,0.7,TSLA,newsapi,news,-0.3845486697135493,-0.4176929123467367,-0.4176929123467367,,,,,0.0684254567955603
2025-07-14 18:39:23+00:00,0.0009467827621847,0.9989702701568604,8.290144614875317e-05,0.0628278627991676,0.636576771736145,0.3005953729152679,0.2536523938179016,0.0,0.7463476061820984,1.0,0.0600470944773405,0.4356729847192764,0.2042799098510295,0.6223899781703949,0.7,TSLA,newsapi,news,-0.1442328153736889,-0.4040199074980843,-0.4040199074980843,,,,,0.0904137215607824
2025-07-14 18:39:27+00:00,0.0006662737578153,0.0001146171853179,0.9992191791534424,0.4154079556465149,0.5767818689346313,0.0078101702965795,0.0838786363601684,0.0,0.9161213636398317,1.0,0.1166402671486139,0.1413436507008736,0.4420161005225964,0.6314515721751377,0.7,TSLA,newsapi,news,-0.3253758333739824,-0.4002749515874128,-0.4002749515874128,,,,,0.0897798840742039
2025-07-14 18:39:30+00:00,0.004762674216181,0.0005632396205328,0.9946740865707396,0.0254368707537651,0.4199906289577484,0.5545724630355835,0.0252423882484436,0.0,0.9747576117515564,1.0,0.0119830000586807,0.1030554111883975,0.5849615797400474,0.8356593996286392,0.7,TSLA,newsapi,news,-0.5729785796813666,-0.4081251165007744,-0.4081251165007744,,,,,0.095038674554523
2025-07-14 18:39:33+00:00,7.628735329490155e-05,0.0004742919409181,0.9994494318962096,0.3091897964477539,0.6723974347114563,0.0184127409011125,0.0015937685966491,0.0,0.9984062314033508,1.0,0.0760517700930358,0.1648701732477638,0.4590780529472977,0.6558257899247111,0.7,TSLA,newsapi,news,-0.3830262828542618,-0.4070338628639695,-0.4070338628639695,,,,,0.0930009543302966
2025-07-14 18:41:28+00:00,5.18689448654186e-05,0.0069666625931859,0.9929814338684082,0.1768199652433395,0.7599349021911621,0.0632451176643371,0.0070026516914367,0.0,0.9929973483085632,1.0,0.0445608788351819,0.1881347165629267,0.4673043912649154,0.6675777018070221,0.7,TSLA,newsapi,news,-0.4227435124297335,-0.4076884315958763,-0.4076884315958763,,,,,0.0910132372559772
2025-07-14 18:45:00+00:00,0.0004334324621595,7.287554763024673e-05,0.9994935989379884,0.0324210450053215,0.8349164128303528,0.1326625496149063,0.1893969178199768,0.0,0.8106030821800232,1.0,0.0412089777342043,0.2045749262967728,0.4542160717397928,0.6488801024854183,0.7,TSLA,newsapi,news,-0.4130070940055884,-0.4079011780922648,-0.4079011780922648,,,,,0.089103304237911
2025-07-14 18:45:41+00:00,6.153959111543372e-05,0.0011510911863297,0.9987873435020448,0.7266970872879028,0.2711016833782196,0.0022012521512806,0.002615749835968,0.0,0.997384250164032,1.0,0.1785157736923429,0.0667422179598361,0.4547420067363418,0.6496314381947741,0.7,TSLA,newsapi,news,-0.2762262330439989,-0.4028367571288699,-0.4028367571288699,,,,,0.0910421892592961
2025-07-14 18:46:08+00:00,0.0010442252969369,8.024131602724083e-06,0.99894779920578,0.060602206736803,0.37557053565979,0.5638272762298584,0.0168168544769287,0.0,0.9831831455230712,1.0,0.0180828732671216,0.0920170279934973,0.5899001169204712,0.8427144527435303,0.7,TSLA,newsapi,news,-0.5718172436533495,-0.4090952936668137,-0.4090952936668137,,,,,0.0950129221788509
2025-07-14 18:46:19+00:00,0.0005763492081314,3.403794107725844e-05,0.9993895292282104,0.0749763250350952,0.6811033487319946,0.2439202666282653,0.0021112561225891,0.0,0.9978887438774108,1.0,0.0189000472333282,0.1668798510628402,0.5142200636863709,0.7346000909805298,0.7,TSLA,newsapi,news,-0.4953200164530426,-0.4121747480520361,-0.4121747480520361,,,,,0.0946500411112856
2025-07-14 18:50:37+00:00,6.672612926195143e-06,0.0870984271168708,0.9128949642181396,0.1230049282312393,0.848035454750061,0.0289596337825059,0.0012244582176208,0.0,0.9987755417823792,1.0,0.0303523559363566,0.2321562460064887,0.4374914200697094,0.6249877429567278,0.7,TSLA,newsapi,news,-0.4071390641333528,-0.412001103778978,-0.412001103778978,,,,,0.0929491991279554
2025-07-14 18:50:40+00:00,5.219120066612959e-05,0.0036155565176159,0.996332347393036,0.1364079266786575,0.8252816200256348,0.0383104942739009,0.2149618864059448,0.0,0.7850381135940552,1.0,0.0710528856934979,0.2032063527312129,0.4257407982461154,0.6082011403515935,0.7,TSLA,newsapi,news,-0.3546879125526174,-0.4100906640714327,-0.4100906640714327,,,,,0.0919300352050138
2025-07-14 18:50:41+00:00,0.9999998807907104,3.4796396874980935e-08,1.5852424439799506e-07,0.0272137131541967,0.5370263457298279,0.4357599914073944,0.824577808380127,0.0,0.175422191619873,1.0,0.4309684428106993,0.1315714644467989,0.1374601258150778,0.6156692040152848,0.7,TSLA,newsapi,news,0.2935083169956215,-0.387393922746689,-0.387393922746689,,,,,0.1553667630586866
2025-07-14 18:50:46+00:00,0.0004548821016214,3.716931132657919e-06,0.999541401863098,0.2507942020893097,0.7272320985794067,0.0219736099243164,0.0080026984214782,0.0,0.9919973015785216,1.0,0.0629724187240935,0.1781729048926717,0.4588546547293662,0.6555066496133805,0.7,TSLA,newsapi,news,-0.3958822360052726,-0.3876591825360198,-0.3876591825360198,,,,,0.1528476715613811
2025-07-14 18:51:40+00:00,0.000213829203858,9.98743303171068e-07,0.9997852444648744,0.1048970073461532,0.594387948513031,0.3007149994373321,0.0057036280632019,0.0,0.994296371936798,1.0,0.0267577738879481,0.1456253270338174,0.5276169084012508,0.7537384405732155,0.7,TSLA,newsapi,news,-0.5008591345133027,-0.3910894841110889,-0.3910894841110889,,,,,0.1517255592867333
2025-07-14 18:53:17+00:00,0.0265586990863084,0.0016842398326843,0.9717570543289183,0.2450187504291534,0.3738404214382171,0.3811407685279846,0.0152525901794433,0.0,0.9847474098205566,1.0,0.0701352328807115,0.0920624904055148,0.5378022602200508,0.7682889431715012,0.7,TSLA,newsapi,news,-0.4676670273393393,-0.3933417647942728,-0.3933417647942728,,,,,0.1499850797542573
2025-07-14 18:53:45+00:00,1.6530295852135168e-06,4.586079001001053e-07,0.999997854232788,0.710382878780365,0.2696377635002136,0.0199793819338083,0.0157517790794372,0.0,0.9842482209205629,1.0,0.1768008294883747,0.0660613804677643,0.4571377864200621,0.6530539806000888,0.7,TSLA,newsapi,news,-0.2803369569316873,-0.3901130559981989,-0.3901130559981989,,,,,0.1489924518317382
2025-07-14 18:53:47+00:00,6.016075076331617e-06,5.896190123166889e-05,0.9999350309371948,0.2078347951173782,0.7639695405960083,0.0281956866383552,0.0368841290473938,0.0,0.9631158709526062,1.0,0.0573759318880729,0.1871890467783668,0.4554350293055177,0.6506214704364539,0.7,TSLA,newsapi,news,-0.3980590974174448,-0.3903337793709557,-0.3903337793709557,,,,,0.1468545353736615
2025-07-14 18:55:00+00:00,3.556392766768113e-05,1.560175405757036e-06,0.9999629259109496,0.038655687123537,0.65892094373703,0.302423357963562,0.0165147185325622,0.0,0.9834852814674376,1.0,0.0123706769882119,0.1614360680646859,0.5261932662129402,0.7517046660184861,0.7,TSLA,newsapi,news,-0.5138225892247282,-0.393671314772409,-0.393671314772409,,,,,0.1462167576159546
2025-07-14 19:00:18+00:00,4.537619588518282e-06,2.0070237951586023e-05,0.9999754428863524,0.0378843694925308,0.8953596949577332,0.0667559131979942,0.2432178854942321,0.0,0.7567821145057678,1.0,0.0518460710206454,0.219368744931271,0.4287851927801966,0.612550275400281,0.7,TSLA,newsapi,news,-0.3769391217595512,-0.3932309939036496,-0.3932309939036496,,,,,0.144252860407939
2025-07-14 20:46:06+00:00,0.0021488172933459,1.9829321900033392e-05,0.9978312849998474,0.0875728800892829,0.6963669061660767,0.2160602211952209,0.0760209560394287,0.0,0.9239790439605712,1.0,0.0353606917709112,0.1706154442208207,0.4940238466858864,0.7057483524084092,0.7,TSLA,alphavantage,news,-0.4586631549149751,-0.3949087416218887,-0.3949087416218887,,,,,0.1427272366644496
2025-07-14 21:45:03+00:00,9.593005233909936e-05,0.0003893735702149,0.9995146989822388,0.5703652501106262,0.4244466423988342,0.0051881354302167,0.0226832032203674,0.0,0.9773167967796326,1.0,0.1437359072553226,0.1040984519873745,0.4521656483318657,0.6459509261883796,0.7,TSLA,alphavantage,news,-0.308429741076543,-0.3927467666082551,-0.3927467666082551,,,,,0.1415474992632936
2025-07-15 00:14:00+00:00,0.998708963394165,0.0012811524793505,9.874570423562544e-06,0.7768861055374146,0.2016435414552688,0.0214703269302845,0.9768314957618712,0.0,0.0231685042381286,1.0,0.6409211173653602,0.049761390350759,0.0093174832193108,0.9156015962362288,0.7,TSLA,alphavantage,news,0.6316036341460494,-0.3677626104922964,-0.3677626104922964,,,,,0.2124319479595527
2025-07-15 01:15:36+00:00,1.4691115211462602e-05,0.0006776987574994,0.9993076324462892,0.6300885677337646,0.3178292214870453,0.0520821884274482,0.0079778432846069,0.0,0.9920221567153932,1.0,0.1557719351818377,0.0780579149164259,0.4661701506748795,0.6659573581069708,0.7,TSLA,alphavantage,news,-0.3103982154930417,-0.3663967915637428,-0.3663967915637428,,,,,0.21001194071701
2025-07-15 01:27:09+00:00,1.9140155927743763e-05,3.8081752791185863e-06,0.9999769926071168,0.1012920886278152,0.7227886319160461,0.175919309258461,0.1079029440879821,0.0,0.8920970559120178,1.0,0.0437049361728713,0.1770842811085094,0.4792107734829187,0.6845868192613125,0.7,TSLA,alphavantage,news,-0.4355058373100473,-0.3680039786741219,-0.3680039786741219,,,,,0.2077642101053357
2025-07-15 08:51:00+00:00,4.1055121982935816e-05,0.00172297446988523,0.9982359409332275,0.8360369801521301,0.15924334526062012,0.00471960986033082,0.04366046190261841,0.0,0.9563395380973816,1.0,0.2124811364043853,0.03949705244041978,0.4480217870441265,0.6400311243487522,0.7,TSLA,alphavantage,news,-0.2355406506397412,-0.2355406506397412,-0.2355406506397412,,,,,
2025-07-15 13:47:24+00:00,0.00026051446911878884,4.0493807773600565e-07,0.9997391104698181,0.10148943215608597,0.7009391188621521,0.19757141172885895,0.05193459987640381,0.0,0.9480654001235962,1.5278114659230517,0.022279688229251415,0.11244487062500223,0.323618880424117,0.706061988323927,0.4583434397769155,TSLA,reddit_wallstreetbets,social,-0.3013391921948656,-0.2684399214173034,-0.2684399214173034,,,,,0.04652659492581332
2025-07-15 13:47:32+00:00,1.5097006325959228e-05,2.674116512935143e-05,0.9999581575393677,0.14856162667274475,0.8217214941978455,0.029716871678829193,0.029984593391418457,0.0,0.9700154066085815,1.138629436111989,0.020324110664052895,0.09824546335919,0.22301925533353753,0.6528880197554827,0.3415888308335967,TSLA,reddit_wallstreetbets_comment,social,-0.20269514466948463,-0.2465249958346971,-0.2465249958346971,,,,,0.050231005440553034
2025-07-15 14:51:43+00:00,2.044196480710525e-05,2.8024151106365025e-06,0.9999767541885376,0.24296483397483826,0.6927255392074585,0.06430959701538086,0.017919540405273438,0.0,0.9820804595947266,1.0,0.0626680276449042,0.16971854178205828,0.46761342287063595,0.66801917552948,0.7,TSLA,alphavantage,news,-0.40494539522573175,-0.2861300956824558,-0.2861300956824558,,,,,0.08919842117913097
2025-07-15 15:00:21+00:00,0.0228546354919672,1.2226474609633442e-05,0.9771331548690796,0.05914022773504257,0.8383395075798035,0.10252027958631516,0.0012590289115905762,0.0,0.9987409710884094,1.0,0.021108983792364595,0.20539660276994254,0.47349442180246115,0.6764206025749445,0.7,TSLA,alphavantage,news,-0.45238543801009656,-0.3193811641479839,-0.3193811641479839,,,,,0.10721677352976743
2025-07-15 15:22:00+00:00,9.481354936724529e-05,0.0021159567404538393,0.9977892637252808,0.35540083050727844,0.6413061618804932,0.003293020185083151,0.01012110710144043,0.0,0.9898788928985596,1.0,0.08887094501085811,0.15771247754804787,0.4534165900456719,0.6477379857795313,0.7,TSLA,alphavantage,news,-0.3645456450348138,-0.32690857762912223,-0.32690857762912223,,,,,0.09765408820527119
2025-07-15 15:40:03+00:00,2.2824606276117265e-06,0.9978213310241699,0.002176436362788081,0.19068630039691925,0.7868638634681702,0.022449778392910957,0.0009702444076538086,0.0,0.9990297555923462,1.0,0.04688857545756036,0.4721716192364693,0.1809398051165044,0.6745308846235276,0.7,TSLA,alphavantage,news,-0.13405122965894403,-0.2993575279190968,-0.2993575279190968,,,,,0.11515362130739006
2025-07-15 15:56:00+00:00,3.678437497001141e-05,0.0005109651829116046,0.9994521737098694,0.5806021094322205,0.4126105308532715,0.006787369027733803,0.016673028469085693,0.0,0.9833269715309143,1.0,0.1451755964179756,0.10123265031026674,0.4535917340684682,0.6479881915263832,0.7,TSLA,alphavantage,news,-0.3084161376504926,-0.30048985413552126,-0.30048985413552126,,,,,0.10665963228233291
2025-07-15 17:16:40+00:00,3.797300087171607e-05,0.004127065185457468,0.9958349466323853,0.4961341321468353,0.49552294611930847,0.008342971093952656,0.02723902463912964,0.0,0.9727609753608704,1.0,0.1263303241280664,0.12255870005115865,0.45111098366323854,0.6444442623760551,0.7,TSLA,alphavantage,news,-0.3247806595351721,-0.3031888325132603,-0.3031888325132603,,,,,0.10009896539090045
2025-07-15 18:37:54+00:00,0.001009340980090201,0.9612128138542175,0.03777783736586571,0.115153968334198,0.7020349502563477,0.18281109631061554,0.9876872897148132,0.0,0.012312710285186768,1.0,0.20134061341639609,0.44113815069198603,0.05752123735845088,0.6301973581314086,0.7,TSLA,alphavantage,news,0.1438193760579452,-0.2584880116561397,-0.2584880116561397,,,,,0.16996507080889817
