Datetime,Ticker,Sentiment,Prob_Positive,Prob_Neutral,Prob_Negative
2025-06-14T09:30:10-07:00,TSLA,negative,0.024763112887740135,0.439628541469574,0.5356083512306213
2025-06-14T09:30:00-07:00,TSLA,positive,0.6469114422798157,0.34880122542381287,0.004287311341613531
2025-06-14T09:15:00-07:00,TSLA,neutral,0.02745625749230385,0.5585840344429016,0.4139597415924072
2025-06-14T05:10:00-07:00,TSLA,neutral,0.07385250180959702,0.6019567251205444,0.32419082522392273
2025-06-14T00:23:00-07:00,TSLA,neutral,0.12982796132564545,0.815384030342102,0.05478805676102638
2025-06-13T21:01:48-07:00,TSLA,positive,0.6064676642417908,0.3843226432800293,0.00920967385172844
2025-06-13T20:45:00-07:00,TSLA,positive,0.783599317073822,0.2001112699508667,0.016289403662085533
2025-06-13T20:32:09-07:00,TSLA,neutral,0.13318920135498047,0.645119309425354,0.2216915488243103
2025-06-13T20:15:20-07:00,TSLA,positive,0.5760930776596069,0.3978310525417328,0.026075851172208786
2025-06-13T18:31:42-07:00,TSLA,positive,0.6243152022361755,0.3351931869983673,0.04049162566661835
2025-06-13T17:33:00-07:00,TSLA,positive,0.9640383720397949,0.03440035134553909,0.001561283366754651
2025-06-13T17:16:54-07:00,TSLA,neutral,0.045334428548812866,0.9045950770378113,0.05007048696279526
2025-06-13T17:11:09-07:00,TSLA,neutral,0.2667759358882904,0.7266063690185547,0.006617690436542034
2025-06-13T17:11:09-07:00,TSLA,positive,0.8792897462844849,0.11807731539011002,0.002632959047332406
2025-06-13T17:00:34-07:00,TSLA,positive,0.7236524224281311,0.26622137427330017,0.010126185603439808
2025-06-13T17:00:02-07:00,TSLA,positive,0.8421027064323425,0.15615753829479218,0.0017397586489096284
2025-06-13T16:50:48-07:00,TSLA,neutral,0.39045026898384094,0.587371289730072,0.022178439423441887
2025-06-13T16:32:00-07:00,TSLA,neutral,0.44438081979751587,0.4951755702495575,0.060443561524152756
2025-06-13T16:15:36-07:00,TSLA,neutral,0.2668955326080322,0.6603586077690125,0.07274587452411652
2025-06-13T16:13:00-07:00,TSLA,positive,0.7462528944015503,0.2499954104423523,0.003751675831153989
2025-06-13T16:10:12-07:00,TSLA,neutral,0.14531096816062927,0.7719817757606506,0.08270718902349472
2025-06-13T14:22:07-07:00,TSLA,neutral,0.06230692192912102,0.5135225653648376,0.4241705536842346
2025-06-13T13:53:20-07:00,TSLA,neutral,0.16947995126247406,0.5044791102409363,0.32604098320007324
2025-06-13T10:38:22-07:00,TSLA,neutral,0.07662204653024673,0.5439416170120239,0.37943634390830994
2025-06-13T13:23:59-07:00,TSLA,negative,0.03664349392056465,0.3565918505191803,0.6067646145820618
2025-06-13T13:06:32-07:00,TSLA,negative,0.025263896211981773,0.3596457540988922,0.6150903701782227
2025-06-13T12:54:00-07:00,TSLA,negative,0.04984579607844353,0.35751548409461975,0.5926387310028076
2025-06-13T12:15:23-07:00,TSLA,neutral,0.41136112809181213,0.5812044739723206,0.007434391416609287
2025-06-13T12:00:00-07:00,TSLA,positive,0.7148110270500183,0.2775186002254486,0.007670433726161718
2025-06-13T10:50:09-07:00,TSLA,neutral,0.025335514917969704,0.5982521176338196,0.37641236186027527
2025-06-13T10:44:39-07:00,TSLA,neutral,0.05152164399623871,0.6107383966445923,0.33773988485336304
2025-06-13T10:39:34-07:00,TSLA,positive,0.912315309047699,0.08640389144420624,0.0012808321043848991
2025-06-13T10:30:04-07:00,TSLA,neutral,0.2525472939014435,0.7404080629348755,0.007044630125164986
